FRACTION I - Water,,,,,,,,,,,,,,,,,,,,,,,,,,,,,
Soil,Samples ID,mg P mg/L added,Repetition,Weight (g),Volume (mL),Dilution factor,Absorbance,P mg/L,P mg/kg,Mean,SD,,,,,,,,,,,,,,,,,,
,Blank1,,,,30,,,-0.290303738,,,,,,,,,,,,,,,,,,,,,
,Blank2,,,,,,,-0.290303738,,,,,,,,,,,,,,,,,,,,,
,Blank3,,,,,,,-0.290303738,,,,,,,,,,,,,,,,,,,,,
,Blank4,,,,,,,-0.290303738,,,,,,,,,,,,,,,,,,,,,
Forest-TWW,S4,0.5,1,0.5023,30,1,0.3773,1.913551402,114.2873622,110.7228627,4.376245959,,,,,,,,,,,,,,,,,,
Forest-TWW,S4,0.5,2,0.5047,30,1,0.3724,1.884929907,112.042594,,,,,,,,,,,,,,,,,,,,
Forest-TWW,S4,0.5,3,0.5068,30,1,0.3558,1.78796729,105.838632,,,,,,,,,,,,,,,,,,,,
Forest-TWW,S4,1,1,0.5024,30,1,0.3942,2.012266355,120.1592171,114.6058406,5.107405144,,,,,,,,,,,,,,,,,,
Forest-TWW,S4,1,2,0.5031,30,1,0.3757,1.904205607,113.5483368,,,,,,,,,,,,,,,,,,,,
Forest-TWW,S4,1,3,0.5021,30,1,0.3652,1.842873832,110.109968,,,,,,,,,,,,,,,,,,,,
Forest-TWW,S4,3,1,0.5043,30,1,0.3973,2.030373832,120.7836902,118.0510409,2.514146618,,,,,,,,,,,,,,,,,,
Forest-TWW,S4,3,2,0.5033,30,1,0.3824,1.943341121,115.83595,,,,,,,,,,,,,,,,,,,,
Forest-TWW,S4,3,3,0.5011,30,1,0.3858,1.963200935,117.5334824,,,,,,,,,,,,,,,,,,,,
Forest-TWW,S4,5,1,0.5055,30,1,0.374,1.894275701,112.4199229,115.212476,3.687635817,,,Sample,F1,F2,F3,F4,F5,SUM,Total P,,,,,,,,
Forest-TWW,S4,5,2,0.5008,30,1,0.375,1.900116822,113.8248895,,,,,S4,111.1975908,194.3462893,329.6004863,185.4938101,505.3698569,1326.008034,1326.008034,,,,,,,,
Forest-TWW,S4,5,3,0.5068,30,1,0.395,2.016939252,119.3926156,,,,,S5,1.109931212,57.92281003,130.5020822,84.15599188,422.4839254,696.1747407,696.1747407,,,,,,,,
Forest-TWW,S4,10,1,0.5076,30,1,0.4027,2.061915888,121.8626411,120.2646437,2.912055989,,,S6,31.59874534,266.5416155,313.075345,204.9344888,529.8385456,1345.98874,1345.98874,,,,,,,,
Forest-TWW,S4,10,2,0.5072,30,1,0.4029,2.063084112,122.0278458,,,,,S7,7.799398616,196.1161883,359.578385,112.2861631,920.1960225,1595.976158,1595.976158,,,,,,,,
Forest-TWW,S4,10,3,0.5047,30,1,0.3864,1.966705607,116.9034441,,,,,,,,,,,,,,,,,,,,
Forest-TWW,S4,20,1,0.5072,30,1,0.4365,2.259345794,133.6363837,137.6682219,4.496842152,,,Soil 4,,,,,,,,,,,,,,,
Forest-TWW,S4,20,2,0.5063,30,1,0.4451,2.309579439,136.8504507,,,,,P adsorbed (mg/kg),Fraction I,Fraction II,Fraction III,Fraction IV,,Soil 4,,,,,,,,,
Forest-TWW,S4,20,3,0.5067,30,1,0.4618,2.407126168,142.5178312,,,,,0,111.1975908,194.3462893,329.6004863,185.4938101,,Fraction I,Fraction II,Fraction III,Fraction IV,Total adsorbed,P adsorbed (mg/kg),,Fraction I,Fraction II,Fraction III
Forest-TWW,S4,40,1,0.5013,30,1,0.5003,2.632009346,157.5110321,152.7143378,5.036802635,,,2.788819082,113,201,326.2295963,183,,1.80240917,6.653710656,-3.37088999,-2.49381011,5.085229835,3,,35.44400604,130.8438531,-66.28785914
Forest-TWW,S4,40,2,0.5042,30,1,0.4904,2.574182243,153.164354,,,,,7.1491722,117,210,334.8679299,178,,5.80240917,15.65371066,5.267443611,-7.49381011,26.72356344,7,,21.71270753,58.57643459,19.71085789
Forest-TWW,S4,40,3,0.5011,30,1,0.4714,2.463200935,147.4676273,,,,,19.68594692,118.0510409,218,338.3543206,175.0004566,,6.853450038,23.65371066,8.75383424,-10.49335351,39.26099493,19.68594692,,17.45612929,60.24735414,22.29651657
Forest-TWW,S4,60,1,0.5089,30,1,0.5746,3.066004673,180.743054,179.6373236,2.414683296,,,31.0368969,115.212476,232,341.4977549,192.4426765,,4.014885168,37.65371066,11.89726853,6.948866371,53.56586435,31.0368969,,7.49523081,70.2942277,22.21054149
Forest-TWW,S4,60,2,0.5083,30,1,0.5756,3.071845794,181.3011486,,,,,79.60529223,120.2646437,248.230287,346.2223599,197.8922624,,9.06705282,53.88399765,16.62187353,12.39845227,91.97137627,79.60529223,,9.858559464,58.58779094,18.0728768
Forest-TWW,S4,60,3,0.504,30,1,0.5584,2.971378505,176.8677681,,,,,122.4458532,137.6682219,297.8549388,348.1149101,155.2079687,,26.47063103,103.5086495,18.51442372,-30.28584138,148.4937042,122.4458532,,17.82609651,69.7057495,12.46815399
Forest-TWW,S4,80,1,0.51,30,1,0.5713,3.046728972,179.2193513,186.584532,7.079872454,,,188.6592947,152.7143378,341.7378901,346.9368403,165.2408021,,41.51674696,147.3916008,17.33635392,-20.25300802,206.2447016,188.6592947,,20.12984897,71.46443016,8.405720866
Forest-TWW,S4,80,2,0.5113,30,1,0.5959,3.190420561,187.1946349,,,,,217.0760746,179.6373236,355,343.8746092,194.2707814,,68.43973275,160.6537107,14.27412287,8.776971295,252.1445376,217.0760746,,27.14305589,63.71492803,5.661087488
Forest-TWW,S4,80,3,0.5023,30,1,0.6039,3.237149533,193.3396098,,,,,265.3811608,186.584532,362.5272986,356.1803629,182.6229257,,75.38694115,168.1810092,26.57987661,-2.870884447,270.147827,265.3811608,,27.90581068,62.25517751,9.839011813
Forest-TWW,S4,100,1,0.5008,30,1,0.6111,3.279205607,196.4380356,204.685596,7.19970885,,,282.0440763,204.685596,377.7580627,364.1194642,179.0445914,,93.48800512,183.4117734,34.51897783,-6.449218726,311.4187563,282.0440763,,30.02003033,58.89554487,11.08442479
Forest-TWW,S4,100,2,0.5016,30,1,0.65,3.506425234,209.7144278,,,,,,,,,,,,,,,,,,0.21,0.64,0.15
Forest-TWW,S4,100,3,0.5015,30,1,0.6447,3.47546729,207.9043244,,,,,,,,,,,,,,,,,,,,
Forest nonirrigated,S5,0.5,1,0.5023,30,1,0.0563,0.038551402,2.302492646,2.766060159,0.545979763,,,,,,,,,,,,,,,,,,
Forest nonirrigated,S5,0.5,2,0.5047,30,1,0.0594,0.056658879,3.367874688,,,,,,,,,,,,,,,,,,,,
Forest nonirrigated,S5,0.5,3,0.5068,30,1,0.0573,0.044392523,2.627813143,,,,,Soil 5,,,,,,,,,,,,,,,
Forest nonirrigated,S5,1,1,0.5024,30,1,0.0649,0.088785047,5.30165486,5.439551885,0.266797962,,,P adsorbed (mg/kg),Fraction I,Fraction II,Fraction III,Fraction IV,,Soil 5,,,,,,,,,
Forest nonirrigated,S5,1,2,0.5031,30,1,0.0662,0.096378505,5.747078394,,,,0,0,1.109931212,57.9,130.5020822,84.15599188,,Fraction I,Fraction II,Fraction III,Fraction IV,Total adsorbed,P adsorbed (mg/kg),,Fraction I,Fraction II,Fraction III
Forest nonirrigated,S5,1,3,0.5021,30,1,0.0648,0.088200935,5.269922401,,,,0.5,7.450663511,3,66.9,127,75,,1.890068788,9,-3.502082207,-9.155991876,10.89006879,7,,17.35589393,82.64410607,-32.15849482
Forest nonirrigated,S5,3,1,0.5003,30,1,0.0713,0.126168224,7.565554125,6.835324382,0.735286531,,1,14.94621515,5.4,70.9,135,86,,4.290068788,13,4.497917793,1.844008124,23.63199471,15,,18.15364654,55.01016805,19.03317028
Forest nonirrigated,S5,3,2,0.5043,30,1,0.0694,0.115070093,6.84533572,,,,3,44.53139448,6.835324382,105.9,78.55006351,90.81213028,,5.72539317,48,7,6.6561384,60.72539317,44.53139448,,9.428334459,79.04436265,11.52730289
Forest nonirrigated,S5,3,3,0.506,30,1,0.0673,0.102803738,6.095083299,,,,5,74.18013267,9.236220577,149.6112601,89.98888333,82.9489025,,8.126289365,91.71126015,15,-1.207089373,114.8375495,74.18013267,,7.076334701,79.86173559,13.06192971
Forest nonirrigated,S5,5,1,0.5082,30,1,0.0749,0.147196262,8.689271646,9.236220577,0.530552003,,10,146.2028654,13.02351622,189.9,110.22702,116.8941403,,11.91358501,132,29,5,177.913585,146.2028654,,6.696276179,74.19332256,16.30004814
Forest nonirrigated,S5,5,2,0.5009,30,1,0.0762,0.15478972,9.270695925,,,,20,255.4335714,46.29641766,231.9,142.0048019,70.08206594,,45.18648645,174,54,-14.07392594,273.1864864,255.4335714,,16.54052769,63.69275518,19.76671713
Forest nonirrigated,S5,5,3,0.5051,30,1,0.0778,0.164135514,9.748694161,,,,40,384.989474,103.8798725,278.4384569,187.3749597,76.9400943,,102.7699413,220.5384569,97,-7.215897573,420.3083982,384.989474,,24.45107967,52.47062819,23.07829213
Forest nonirrigated,S5,10,1,0.5056,30,1,0.0858,0.210864486,12.5117377,13.02351622,0.545028205,,60,466.8094391,137.5963415,305.888528,274.8062079,102.2519703,,136.4864103,247.988528,124,18.0959784,526.5709167,466.8094391,,25.91985352,47.09499141,23.54858502
Forest nonirrigated,S5,10,2,0.5065,30,1,0.089,0.229556075,13.59660857,,,,80,571.5076599,130.1194382,363.1232624,288.6647095,94.47797118,,129.009507,305.2232624,158.1626273,10.32197931,602.717376,571.5076599,,21.40464372,50.6411918,26.24159077
Forest nonirrigated,S5,10,3,0.5029,30,1,0.0869,0.21728972,12.9622024,,,,100,600.7140532,114.9925601,392.6386177,342.0163966,97.69578313,,113.8826289,334.7386177,211.5143144,13.53979126,673.6753523,600.7140532,,16.904675,49.68841692,31.39706889
Forest nonirrigated,S5,20,1,0.5029,30,1,0.1884,0.810163551,48.32950197,46.29641766,1.844744619,,,,,,,,,,,,,,,,0.16,0.63,0.21
Forest nonirrigated,S5,20,2,0.507,30,1,0.1823,0.77453271,45.83033789,,,,,,,,,,,,,,,,,,,,
Forest nonirrigated,S5,20,3,0.5042,30,1,0.1784,0.751752336,44.72941312,,,,,,,,,,,,,,,,,,,,
Forest nonirrigated,S5,40,1,0.507,30,1,0.3412,1.702686916,100.7507051,103.8798725,2.71156792,,,,,,,,,,,,,,,,,,
Forest nonirrigated,S5,40,2,0.5,30,1,0.3503,1.755841121,105.3504673,,,,,,,,,,,,,,,,,,,,
Forest nonirrigated,S5,40,3,0.5016,30,1,0.3518,1.764602804,105.5384452,,,,,,,,,,,,,,,,,,,,
Forest nonirrigated,S5,60,1,0.5094,30,1,0.4528,2.354556075,138.6664355,137.5963415,1.652712969,,,,,,,,,,,,,,,,,,
Forest nonirrigated,S5,60,2,0.5066,30,1,0.4499,2.337616822,138.4297368,,,,,,,,,,,,,,,,,,,,
Forest nonirrigated,S5,60,3,0.503,30,1,0.4392,2.275116822,135.6928522,,,,,,,,,,,,,,,,,,,,
Forest nonirrigated,S5,80,1,0.5068,30,1,0.43,2.221378505,131.4943866,130.1194382,2.665688938,,,,,,,,,,,,,,,,,,
Forest nonirrigated,S5,80,2,0.5033,30,1,0.4283,2.211448598,131.8169242,,,,,,,,,,,,,,,,,,,,
Forest nonirrigated,S5,80,3,0.5033,30,1,0.4146,2.131425234,127.0470038,,,,,,,,,,,,,,,,,,,,
Forest nonirrigated,S5,100,1,0.5022,30,1,0.3808,1.933995327,115.5313815,114.9925601,1.156410323,,,,,,,,,,,,,,,,,,
Forest nonirrigated,S5,100,2,0.5049,30,1,0.3833,1.948598131,115.7812318,,,,,,,,,,,,,,,,,,,,
Forest nonirrigated,S5,100,3,0.5069,30,1,0.3785,1.920560748,113.6650669,,,,,,,,,,,,,,,,,,,,
Agricultural TWW,S6,0.5,1,0.5023,30,1,0.1586,0.636098131,37.99112866,39.66522972,1.631157064,,,,,,,,,,,,,,,,,,
Agricultural TWW,S6,0.5,2,0.5047,30,1,0.1642,0.668808411,39.75480946,,,,,,,,,,,,,,,,,,,,
Agricultural TWW,S6,0.5,3,0.5068,30,1,0.169,0.696845794,41.24975105,,,,,,,,,,,,,,,,,,,,
Agricultural TWW,S6,1,1,0.5024,30,1,0.1606,0.647780374,38.6811529,38.52079274,1.491636012,,,,,,,,,,,,,,,,,,
Agricultural TWW,S6,1,2,0.5031,30,1,0.1558,0.619742991,36.95545561,,,,,,,,,,,,,,,,,,,,
Agricultural TWW,S6,1,3,0.5021,30,1,0.1641,0.668224299,39.92576971,,,,,,,,,,,,,,,,,,,,
Agricultural TWW,S6,3,1,0.5023,30,1,0.1683,0.692757009,41.37509512,40.62410259,0.661469888,,,,133.0342559,215.2747853,75.56748774,,,,,,,,,,,,
Agricultural TWW,S6,3,2,0.5057,30,1,0.1662,0.680490654,40.36923003,,,,,,,,,,,,,,,,,,,,
Agricultural TWW,S6,3,3,0.5035,30,1,0.165,0.673481308,40.12798263,,,,,Soil 6,,,,,,,,,,,,,,,
Agricultural TWW,S6,5,1,0.508,30,1,0.2296,1.050817757,62.05616675,64.91464324,5.4895254,,,P adsorbed (mg/kg),Fraction I,Fraction II,Fraction III,Fraction IV,,,,,,,,,Percentage distribution,,
Agricultural TWW,S6,5,2,0.5065,30,1,0.2273,1.037383178,61.44421585,,,,,0,31.59874534,266,313.075345,204.9344888,,Fraction I,Fraction II,Fraction III,Fraction IV,Total adsorbed,P adsorbed (mg/kg),,Fraction I,Fraction II,Fraction III
Agricultural TWW,S6,5,3,0.5089,30,1,0.2566,1.208528037,71.2435471,,,,,4.124719407,39,273,308,203,,7.401254658,7,-5.075344963,-1.93448883,7.401254658,4.124719407,,100,94.57855895,-68.57411612
Agricultural TWW,S6,10,1,0.5051,30,1,0.3202,1.580023364,93.84419112,90.0420435,3.853047794,,,14.11866607,38,264,317,197,,6.401254658,-2,3.924655037,-7.93448883,10.32590969,14.11866607,,61.99216192,-19.36875354,38.00783808
Agricultural TWW,S6,10,2,0.5043,30,1,0.2976,1.448014019,86.1400368,,,,,29.91187881,40.62410259,270,323.5700959,181.8416787,,9.025357251,4,10.49475091,-23.09281015,23.52010816,29.91187881,,38.37294109,17.00672451,44.6203344
Agricultural TWW,S6,10,3,0.5066,30,1,0.3103,1.522196262,90.14190259,,,,,45.44136289,64.91464324,288,328.8651389,160.1040831,,33.31589789,22,15.78979392,-44.83040577,71.10569182,45.44136289,,46.8540521,30.93985789,22.20609001
Agricultural TWW,S6,20,1,0.5062,30,1,0.3602,1.813668224,107.4872515,109.413083,1.876157667,,,75.97109605,90.0420435,321,333.4904543,145.696258,,58.44329816,55,20.41510936,-59.23823087,133.8584075,75.97109605,,43.66053597,41.08819238,15.25127165
Agricultural TWW,S6,20,2,0.506,30,1,0.3709,1.876168224,111.2352702,,,,,112.9519699,109.413083,351.9051254,335.6255348,162.699956,,77.81433764,85.90512544,22.55018981,-42.23453281,186.2696529,112.9519699,,41.77510208,46.11869089,12.10620703
Agricultural TWW,S6,20,3,0.5093,30,1,0.368,1.859228972,109.5167272,,,,,232.2140451,118.1269488,409.1721638,324.15391,149.252178,,86.52820341,143.1721638,11.07856499,-55.68231082,240.7789322,232.2140451,,35.93678343,59.46208104,4.601135526
Agricultural TWW,S6,40,1,0.5078,30,1,0.3963,2.02453271,119.6061073,118.1269488,2.924940303,,,362.0853624,141.6516006,418.1763808,368.7292027,152.0680421,,110.0528552,152.1763808,55.65385778,-52.8664467,317.8830939,362.0853624,,34.62054364,47.8718069,17.50764946
Agricultural TWW,S6,40,2,0.5065,30,1,0.3966,2.026285047,120.0168833,,,,,433.5910095,151.9517609,445.3266623,354.0397418,188.7251778,,120.3530155,179.3266623,40.96439686,-16.20931103,340.6440747,433.5910095,,35.33101688,52.64341159,12.02557153
Agricultural TWW,S6,40,3,0.5036,30,1,0.3795,1.926401869,114.7578556,,,,,442.8813648,164.6330013,481.2747853,388.6428327,195.2871109,,133.0342559,215.2747853,75.56748774,-9.647377955,423.8765289,442.8813648,,31.38514328,50.78714451,17.82771222
Agricultural TWW,S6,60,1,0.5042,30,1,0.4672,2.438668224,145.101243,141.6516006,3.850229332,,,,,,,,,,,,,,,,0.38,0.43,0.19
Agricultural TWW,S6,60,2,0.5057,30,1,0.4465,2.317757009,137.497944,,,,,Soil 7,,,,,,,,,,,,,,,
Agricultural TWW,S6,60,3,0.5042,30,1,0.4593,2.392523364,142.3556147,,,,,P adsorbed (mg/kg),Fraction I,Fraction II,Fraction III,Fraction IV,,,,,,,,,,,
Agricultural TWW,S6,80,1,0.5092,30,1,0.4849,2.542056075,149.7676399,151.9517609,2.705767836,,,0,7.799398616,196.1161883,359.578385,112.2861631,,Fraction I,Fraction II,Fraction III,Fraction IV,Total adsorbed,P adsorbed (mg/kg),,Fraction I,Fraction II,Fraction III
Agricultural TWW,S6,80,2,0.5087,30,1,0.4996,2.627920561,154.9786059,,,,,5,6,207,353,107,,-1.799398616,10.88381167,-6.578385022,-5.286163121,10.88381167,5,,-16.53279817,100,-60.44192257
Agricultural TWW,S6,80,3,0.5041,30,1,0.4844,2.539135514,151.1090367,,,,,14,13,213,368,98,,5.200601384,16.88381167,8.421614978,-14.28616312,30.50602803,14,,17.04778275,55.345821,27.60639625
Agricultural TWW,S6,100,1,0.5075,30,1,0.5273,2.789719626,164.9095346,164.6330013,4.473442557,,,40.0959473,24.65786211,219.2490103,373.8575843,113.5432839,,16.8584635,23.13282197,14.27919927,1.257120806,54.27048474,40.0959473,,31.0637791,42.62505132,26.31116957
Agricultural TWW,S6,100,2,0.5085,30,1,0.54,2.863901869,168.9617622,,,,,66.18409408,25.03763269,220.9275042,400.0893787,112.9319393,,17.23823408,24.8113159,40.51099366,0.645776137,82.56054364,66.18409408,,20.8795065,30.05226808,49.06822542
Agricultural TWW,S6,100,3,0.5036,30,1,0.5096,2.686331776,160.0277071,,,,,115.8643448,50.24502867,255.7233101,421.1002217,108.7939314,,42.44563005,59.60712179,61.5218367,-3.49223169,163.5745886,115.8643448,,25.94879219,36.44033118,37.61087663
Agricultural nonrrigated,S7,0.5,1,0.5023,30,1,0.0688,0.111565421,6.663274172,5.361589299,1.318153972,,,190.6502676,77.67611844,274.8326196,447.7887858,105.2714713,,69.87671983,78.71643124,88.21040074,-7.014691788,236.8035518,190.6502676,,29.50830733,33.24123757,37.2504551
Agricultural nonrrigated,S7,0.5,2,0.5047,30,1,0.0613,0.067757009,4.027561483,,,,,320.3315142,108.7522351,309,493.2068791,116.9792478,,100.9528365,112.8838117,133.628494,4.693084716,347.4651422,320.3315142,,29.05409039,32.48780898,38.45810063
Agricultural nonrrigated,S7,0.5,3,0.5068,30,1,0.0653,0.091121495,5.393932241,,,,,447.4566043,128.0151566,349.924386,552.2699493,94.0511187,,120.215758,153.8081976,192.6915643,-18.23504442,466.7155199,447.4566043,,25.7578231,32.95544953,41.28672737
Agricultural nonrrigated,S7,1,1,0.5024,30,1,0.0813,0.184579439,11.02186142,12.7521569,2.801420552,,,526.9944587,147.7253475,401,561.5858045,70.46432408,,139.9259489,204.8838117,202.0074194,-41.82183904,546.81718,526.9944587,,25.58916472,37.46842988,36.9424054
Agricultural nonrrigated,S7,1,2,0.5031,30,1,0.082,0.188668224,11.25034134,,,,,562.5867342,152.4467092,437.4885887,599.6687495,103.3146345,,144.6473106,241.3724003,240.0903645,-8.971528578,626.1100754,562.5867342,,23.1025368,38.55111263,38.34635057
Agricultural nonrrigated,S7,1,3,0.5021,30,1,0.0955,0.267523364,15.98426794,,,,,,,,,,,,,,,,,,0.25,0.38,0.37
Agricultural nonrrigated,S7,3,1,0.5068,30,1,0.1188,0.403621495,23.89235371,24.65786211,4.574423532,,,,,,,,,,,,,,,,,,
Agricultural nonrrigated,S7,3,2,0.5014,30,1,0.1343,0.494158879,29.56674582,,,,,,144.6473106,241.3724003,240.0903645,-8.971528578,,,,,,,,,,,
Agricultural nonrrigated,S7,3,3,0.5091,30,1,0.1093,0.348130841,20.51448681,,,,,,,,,,,,,,,,,,,,
Agricultural nonrrigated,S7,5,1,0.5003,30,1,0.1223,0.424065421,25.42866803,25.03763269,0.508698552,,,,,,,,,,,,,,,,,,
Agricultural nonrrigated,S7,5,2,0.5051,30,1,0.1224,0.424649533,25.22171052,,,,,,,,,,,,,,,,,,,,
Agricultural nonrrigated,S7,5,3,0.5043,30,1,0.1201,0.411214953,24.46251953,,,,,,,,,,,,,,,,,,,,
Agricultural nonrrigated,S7,10,1,0.5082,30,1,0.1968,0.859228972,50.72189917,50.24502867,0.428666855,,,,,,,,,,,,,,,,,,
Agricultural nonrrigated,S7,10,2,0.5005,30,1,0.1922,0.832359813,49.89169709,,,,,,,,,,,,,,,,,,,,
Agricultural nonrrigated,S7,10,3,0.5031,30,1,0.1936,0.840537383,50.12148975,,,,,,,,,,,,,,,,,,,,
Agricultural nonrrigated,S7,20,1,0.5062,30,1,0.2689,1.280373832,75.88149932,77.67611844,1.799759495,,,,,,,,,,,,,,,,,,
Agricultural nonrrigated,S7,20,2,0.5054,30,1,0.2737,1.308411215,77.66588138,,,,,,,,,,,,,,,,,,,,
Agricultural nonrrigated,S7,20,3,0.504,30,1,0.2783,1.335280374,79.48097463,,,,,,,,,,,,,,,,,,,,
Agricultural nonrrigated,S7,40,1,0.5022,30,1,0.3628,1.82885514,109.2506057,108.7522351,2.028166261,,,,,,,,,,,,,,,,,,
Agricultural nonrrigated,S7,40,2,0.5023,30,1,0.3664,1.849883178,110.4847608,,,,,,,,,,,,,,,,,,,,
Agricultural nonrrigated,S7,40,3,0.5075,30,1,0.3582,1.801985981,106.5213388,,,,,,,,,,,,,,,,,,,,
Agricultural nonrrigated,S7,60,1,0.501,30,1,0.4223,2.176401869,130.3234652,128.0151566,3.28962037,,,,,,,,,,,,,,,,,,
Agricultural nonrrigated,S7,60,2,0.5028,30,1,0.4212,2.169976636,129.4735463,,,,,,,,,,,,,,,,,,,,
Agricultural nonrrigated,S7,60,3,0.5097,30,1,0.4111,2.110981308,124.2484584,,,,,,,,,,,,,,,,,,,,
Agricultural nonrrigated,S7,80,1,0.5027,30,1,0.4797,2.511682243,149.8915204,147.7253475,4.258807757,,,,,,,,,,,,,,,,,,
Agricultural nonrrigated,S7,80,2,0.5094,30,1,0.4871,2.554906542,150.4656385,,,,,,,,,,,,,,,,,,,,
Agricultural nonrrigated,S7,80,3,0.506,30,1,0.4621,2.408878505,142.8188837,,,,,,,,,,,,,,,,,,,,
Agricultural nonrrigated,S7,100,1,0.5028,30,1,0.4942,2.596378505,154.9151852,152.4467092,2.218860733,,,,,,,,,,,,,,,,,,
Agricultural nonrrigated,S7,100,2,0.5064,30,1,0.4884,2.5625,151.806872,,,,,,,,,,,,,,,,,,,,
Agricultural nonrrigated,S7,100,3,0.5033,30,1,0.4823,2.526869159,150.6180703,,,,,,,,,,,,,,,,,,,,
,,,,,,,,,,,,,,,,,,,,,,,,,,,,,
,,,,,,,,,,,,,,,,,,,,,,,,,,,,,
,,,,,,,,,,,,,,,,,,,,,,,,,,,,,
,,,,,,,,,,,,,,,,,,,,,,,,,,,,,
FRACTION II - Sodium Bicarbonate,,,,,,,,,,,,,,,,,,,,,,,,,,,,,
Treatment,Samples ID,,Repetition,Weight (g),Volume (mL),Dilution factor,Absorbance,P mg/L,P mg/kg,Mean,SD,,,,,,,,,,,,,,,,,,
,Blank1,,,,30,,0.0458,0.0448,,,,,,,,,,,,,,,,,,,,,
,Blank2,,,,,,0.0437,,,,,,,,,,,,,,,,,,,,,,
,Blank3,,,,,,0.045,,,,,,,,,,,,,,,,,,,,,,
,Blank4,,,,,,0.0447,,,,,,,,,,,,,,,,,,,,,,
Forest-TWW,S4,0.5,1,0.5023,30,5,0.1652,3.373247664,201.4681065,204.7583117,7.177577587,,,,,,,,,,,,,,,,,,
Forest-TWW,S4,0.5,2,0.5047,30,5,0.1648,3.361565421,199.815658,,,,,,,,,,,,,,,,,,,,
Forest-TWW,S4,0.5,3,0.5068,30,5,0.1729,3.598130841,212.9911705,,,,,,,,,,,,,,,,,,,,
Forest-TWW,S4,1,1,0.5024,30,5,0.1692,3.490070093,208.403867,211.4250895,5.582005999,,,,,,,,,,,,,,,,,,
Forest-TWW,S4,1,2,0.5031,30,5,0.1748,3.653621495,217.8665173,,,,,,,,,,,,,,,,,,,,
Forest-TWW,S4,1,3,0.5021,30,5,0.1689,3.481308411,208.0048842,,,,,,,,,,,,,,,,,,,,
Forest-TWW,S4,3,1,0.5043,30,5,0.1772,3.723714953,221.5178437,218.2372419,3.077540113,,,,,,,,,,,,,,,,,,
Forest-TWW,S4,3,2,0.5033,30,5,0.1748,3.653621495,217.7799421,,,,,,,,,,,,,,,,,,,,
Forest-TWW,S4,3,3,0.5011,30,5,0.1729,3.598130841,215.4139398,,,,,,,,,,,,,,,,,,,,
Forest-TWW,S4,5,1,0.5055,30,5,0.1812,3.840537383,227.9250673,232.8894986,5.26159078,,,,,,,,,,,,,,,,,,
Forest-TWW,S4,5,2,0.5008,30,5,0.1825,3.878504673,232.3385387,,,,,,,,,,,,,,,,,,,,
Forest-TWW,S4,5,3,0.5068,30,5,0.1876,4.027453271,238.4048898,,,,,,,,,,,,,,,,,,,,
Forest-TWW,S4,10,1,0.5076,30,5,0.1957,4.264018692,252.010561,248.230287,3.346811721,,,,,,,,,,,,,,,,,,
Forest-TWW,S4,10,2,0.5072,30,5,0.1919,4.153037383,245.6449556,,,,,,,,,,,,,,,,,,,,
Forest-TWW,S4,10,3,0.5047,30,5,0.192,4.155957944,247.0353444,,,,,,,,,,,,,,,,,,,,
Forest-TWW,S4,20,1,0.5072,30,10,0.1372,5.110981308,302.3056768,297.8549388,5.456299527,,,,,,,,,,,,,,,,,,
Forest-TWW,S4,20,2,0.5063,30,10,0.134,4.924065421,291.7676528,,,,,,,,,,,,,,,,,,,,
Forest-TWW,S4,20,3,0.5067,30,10,0.1363,5.058411215,299.491487,,,,,,,,,,,,,,,,,,,,
Forest-TWW,S4,40,1,0.5013,30,10,0.1479,5.735981308,343.2663859,341.7378901,7.788529901,,,,,,,,,,,,,,,,,,
Forest-TWW,S4,40,2,0.5042,30,10,0.1456,5.601635514,333.2984241,,,,,,,,,,,,,,,,,,,,
Forest-TWW,S4,40,3,0.5011,30,10,0.1494,5.823598131,348.6488604,,,,,,,,,,,,,,,,,,,,
Forest-TWW,S4,60,1,0.5089,30,10,0.1518,5.963785047,351.5691716,355.859144,6.783142344,,,,,,,,,,,,,,,,,,
Forest-TWW,S4,60,2,0.5083,30,10,0.1519,5.969626168,352.3289102,,,,,,,,,,,,,,,,,,,,
Forest-TWW,S4,60,3,0.504,30,10,0.1543,6.109813084,363.6793502,,,,,,,,,,,,,,,,,,,,
Forest-TWW,S4,80,1,0.51,30,10,0.1576,6.302570093,370.7394173,362.5272986,8.182709917,,,,,,,,,,,,,,,,,,
Forest-TWW,S4,80,2,0.5113,30,10,0.1531,6.039719626,354.374318,,,,,,,,,,,,,,,,,,,,
Forest-TWW,S4,80,3,0.5023,30,10,0.1536,6.068925234,362.4681605,,,,,,,,,,,,,,,,,,,,
Forest-TWW,S4,100,1,0.5008,30,10,0.1586,6.360981308,381.0491998,377.7580627,4.956819989,,,,,,,,,,,,,,,,,,
Forest-TWW,S4,100,2,0.5016,30,10,0.1562,6.220794393,372.0570809,,,,,,,,,,,,,,,,,,,,
Forest-TWW,S4,100,3,0.5015,30,10,0.1585,6.355140187,380.1679075,,,,,,,,,,,,,,,,,,,,
Forest nonirrigated,S5,0.5,1,0.5023,30,5,0.0847,1.022196262,61.05094137,67.87987773,6.484709933,,,,,,,,,,,,,,,,,,
Forest nonirrigated,S5,0.5,2,0.5047,30,5,0.0923,1.244158879,73.95436171,,,,,,,,,,,,,,,,,,,,
Forest nonirrigated,S5,0.5,3,0.5068,30,5,0.0894,1.159462617,68.63433012,,,,,,,,,,,,,,,,,,,,
Forest nonirrigated,S5,1,1,0.5024,30,5,0.0947,1.314252336,78.47844366,79.21777695,7.168078566,,,,,,,,,,,,,,,,,,
Forest nonirrigated,S5,1,2,0.5031,30,5,0.0913,1.214953271,72.44801855,,,,,,,,,,,,,,,,,,,,
Forest nonirrigated,S5,1,3,0.5021,30,5,0.0994,1.451518692,86.72686865,,,,,,,,,,,,,,,,,,,,
Forest nonirrigated,S5,3,1,0.5003,30,8,0.0873,1.757009346,105.3573463,108.9421627,4.690848166,,,,,,,,,,,,,,,,,,
Forest nonirrigated,S5,3,2,0.5043,30,8,0.0908,1.920560748,114.2510855,,,,,,,,,,,,,,,,,,,,
Forest nonirrigated,S5,3,3,0.506,30,8,0.0884,1.808411215,107.2180562,,,,,,,,,,,,,,,,,,,,
Forest nonirrigated,S5,5,1,0.5082,30,8,0.1049,2.579439252,152.2691412,149.6112601,3.883141964,,,,,,,,,,,,,,,,,,
Forest nonirrigated,S5,5,2,0.5009,30,8,0.1038,2.528037383,151.4097055,,,,,,,,,,,,,,,,,,,,
Forest nonirrigated,S5,5,3,0.5051,30,8,0.102,2.443925234,145.1549337,,,,,,,,,,,,,,,,,,,,
Forest nonirrigated,S5,10,1,0.5056,30,8,0.1199,3.280373832,194.6424346,191.7367108,5.214677308,,,,,,,,,,,,,,,,,,
Forest nonirrigated,S5,10,2,0.5065,30,8,0.1168,3.135514019,185.7165263,,,,,,,,,,,,,,,,,,,,
Forest nonirrigated,S5,10,3,0.5029,30,8,0.1196,3.26635514,194.8511716,,,,,,,,,,,,,,,,,,,,
Forest nonirrigated,S5,20,1,0.5029,30,8,0.1316,3.827102804,228.3020165,232.0060936,7.179305776,,,,,,,,,,,,,,,,,,
Forest nonirrigated,S5,20,2,0.507,30,8,0.1366,4.060747664,240.2809268,,,,,,,,,,,,,,,,,,,,
Forest nonirrigated,S5,20,3,0.5042,30,8,0.1315,3.822429907,227.4353376,,,,,,,,,,,,,,,,,,,,
Forest nonirrigated,S5,40,1,0.507,30,8,0.1507,4.719626168,279.2678206,275.1296974,5.723373008,,,,,,,,,,,,,,,,,,
Forest nonirrigated,S5,40,2,0.5,30,8,0.1455,4.476635514,268.5981308,,,,,,,,,,,,,,,,,,,,
Forest nonirrigated,S5,40,3,0.5016,30,8,0.149,4.640186916,277.5231409,,,,,,,,,,,,,,,,,,,,
Forest nonirrigated,S5,60,1,0.5094,30,8,0.1598,5.144859813,302.9952776,307.5260836,4.575917674,,,,,,,,,,,,,,,,,,
Forest nonirrigated,S5,60,2,0.5066,30,8,0.1608,5.191588785,307.4371566,,,,,,,,,,,,,,,,,,,,
Forest nonirrigated,S5,60,3,0.503,30,8,0.1617,5.23364486,312.1458167,,,,,,,,,,,,,,,,,,,,
Forest nonirrigated,S5,80,1,0.5068,30,8,0.1831,6.23364486,369.0002877,366.2544304,5.29867946,,,,,,,,,,,,,,,,,,
Forest nonirrigated,S5,80,2,0.5033,30,8,0.1824,6.200934579,369.6166052,,,,,,,,,,,,,,,,,,,,
Forest nonirrigated,S5,80,3,0.5033,30,8,0.179,6.042056075,360.1463983,,,,,,,,,,,,,,,,,,,,
Forest nonirrigated,S5,100,1,0.5022,30,6,0.2358,6.522196262,389.6174589,392.6386177,3.128015526,,,,,,,,,,,,,,,,,,
Forest nonirrigated,S5,100,2,0.5049,30,6,0.2398,6.662383178,395.8635281,,,,,,,,,,,,,,,,,,,,
Forest nonirrigated,S5,100,3,0.5069,30,6,0.2389,6.630841121,392.4348661,,,,,,,,,,,,,,,,,,,,
Agricultural TWW,S6,0.5,1,0.5023,30,8,0.1446,4.434579439,264.8564268,270.5806529,5.003696593,,,,,,,,,,,,,,,,,,
Agricultural TWW,S6,0.5,2,0.5047,30,8,0.1479,4.588785047,272.7631294,,,,,,,,,,,,,,,,,,,,
Agricultural TWW,S6,0.5,3,0.5068,30,8,0.1488,4.630841121,274.1224026,,,,,,,,,,,,,,,,,,,,
Agricultural TWW,S6,1,1,0.5024,30,8,0.1419,4.308411215,257.269778,267.1528434,9.713962773,,,,,,,,,,,,,,,,,,
Agricultural TWW,S6,1,2,0.5031,30,8,0.1457,4.485981308,267.5003762,,,,,,,,,,,,,,,,,,,,
Agricultural TWW,S6,1,3,0.5021,30,8,0.1488,4.630841121,276.6883761,,,,,,,,,,,,,,,,,,,,
Agricultural TWW,S6,3,1,0.5023,30,8,0.1494,4.658878505,278.2527476,270.6403583,8.014751401,,,,,,,,,,,,,,,,,,
Agricultural TWW,S6,3,2,0.5057,30,8,0.1476,4.574766355,271.3921112,,,,,,,,,,,,,,,,,,,,
Agricultural TWW,S6,3,3,0.5035,30,8,0.1439,4.401869159,262.276216,,,,,,,,,,,,,,,,,,,,
Agricultural TWW,S6,5,1,0.508,30,8,0.1523,4.794392523,283.1334167,288.0417135,7.986462412,,,,,,,,,,,,,,,,,,
Agricultural TWW,S6,5,2,0.5065,30,8,0.1571,5.018691589,297.2571523,,,,,,,,,,,,,,,,,,,,
Agricultural TWW,S6,5,3,0.5089,30,8,0.1527,4.813084112,283.7345714,,,,,,,,,,,,,,,,,,,,
Agricultural TWW,S6,10,1,0.5051,30,8,0.1636,5.322429907,316.1213566,321.0602517,4.277421991,,,,,,,,,,,,,,,,,,
Agricultural TWW,S6,10,2,0.5043,30,8,0.1661,5.439252336,323.5724174,,,,,,,,,,,,,,,,,,,,
Agricultural TWW,S6,10,3,0.5066,30,8,0.1666,5.462616822,323.4869812,,,,,,,,,,,,,,,,,,,,
Agricultural TWW,S6,20,1,0.5062,30,15,0.1166,5.861565421,347.3863347,351.9051254,4.079179343,,,,,,,,,,,,,,,,,,
Agricultural TWW,S6,20,2,0.506,30,15,0.1181,5.992990654,355.3156514,,,,,,,,,,,,,,,,,,,,
Agricultural TWW,S6,20,3,0.5093,30,15,0.1181,5.992990654,353.0133902,,,,,,,,,,,,,,,,,,,,
Agricultural TWW,S6,40,1,0.5078,30,15,0.1301,7.044392523,416.1712794,409.1721638,7.744494926,,,,,,,,,,,,,,,,,,
Agricultural TWW,S6,40,2,0.5065,30,15,0.1288,6.930490654,410.4930299,,,,,,,,,,,,,,,,,,,,
Agricultural TWW,S6,40,3,0.5036,30,15,0.1265,6.728971963,400.852182,,,,,,,,,,,,,,,,,,,,
Agricultural TWW,S6,60,1,0.5042,30,12,0.1508,7.086448598,421.6450971,418.1763808,4.039546298,,,,,,,,,,,,,,,,,,
Agricultural TWW,S6,60,2,0.5057,30,12,0.1492,6.974299065,413.7412932,,,,,,,,,,,,,,,,,,,,
Agricultural TWW,S6,60,3,0.5042,30,12,0.1502,7.044392523,419.1427523,,,,,,,,,,,,,,,,,,,,
Agricultural TWW,S6,80,1,0.5092,30,12,0.1571,7.528037383,443.5214483,445.3266623,10.65456888,,,,,,,,,,,,,,,,,,
Agricultural TWW,S6,80,2,0.5087,30,12,0.1551,7.387850467,435.6900217,,,,,,,,,,,,,,,,,,,,
Agricultural TWW,S6,80,3,0.5041,30,12,0.1592,7.675233645,456.7685169,,,,,,,,,,,,,,,,,,,,
Agricultural TWW,S6,100,1,0.5075,30,12,0.1672,8.235981308,486.8560379,481.2747853,4.848769475,,,,,,,,,,,,,,,,,,
Agricultural TWW,S6,100,2,0.5085,30,12,0.1655,8.11682243,478.8685799,,,,,,,,,,,,,,,,,,,,
Agricultural TWW,S6,100,3,0.5036,30,12,0.1642,8.025700935,478.099738,,,,,,,,,,,,,,,,,,,,
Agricultural nonrrigated,S7,0.5,1,0.5023,30,10,0.1101,3.528037383,210.7129634,207.2110638,3.632182603,,,,,,,,,,,,,,,,,,
Agricultural nonrrigated,S7,0.5,2,0.5047,30,10,0.1083,3.422897196,203.4612956,,,,,,,,,,,,,,,,,,,,
Agricultural nonrrigated,S7,0.5,3,0.5068,30,10,0.1097,3.504672897,207.4589324,,,,,,,,,,,,,,,,,,,,
Agricultural nonrrigated,S7,1,1,0.5024,30,10,0.1121,3.644859813,217.6468837,215.3817204,2.241643081,,,,,,,,,,,,,,,,,,
Agricultural nonrrigated,S7,1,2,0.5031,30,10,0.1109,3.574766355,213.1643623,,,,,,,,,,,,,,,,,,,,
Agricultural nonrrigated,S7,1,3,0.5021,30,10,0.1114,3.603971963,215.3339153,,,,,,,,,,,,,,,,,,,,
Agricultural nonrrigated,S7,3,1,0.5068,30,10,0.1126,3.674065421,217.4861141,219.2490103,9.260853971,,,,,,,,,,,,,,,,,,
Agricultural nonrrigated,S7,3,2,0.5014,30,10,0.1153,3.831775701,229.2646012,,,,,,,,,,,,,,,,,,,,
Agricultural nonrrigated,S7,3,3,0.5091,30,10,0.111,3.580607477,210.9963157,,,,,,,,,,,,,,,,,,,,
Agricultural nonrrigated,S7,5,1,0.5003,30,10,0.1166,3.90771028,234.3220236,220.9275042,13.60760309,,,,,,,,,,,,,,,,,,
Agricultural nonrrigated,S7,5,2,0.5051,30,10,0.1094,3.487149533,207.1163848,,,,,,,,,,,,,,,,,,,,
Agricultural nonrrigated,S7,5,3,0.5043,30,10,0.1134,3.720794393,221.3441043,,,,,,,,,,,,,,,,,,,,
Agricultural nonrrigated,S7,10,1,0.5082,30,10,0.1222,4.234813084,249.988966,255.7233101,4.968236559,,,,,,,,,,,,,,,,,,
Agricultural nonrrigated,S7,10,2,0.5005,30,10,0.1236,4.316588785,258.7365905,,,,,,,,,,,,,,,,,,,,
Agricultural nonrrigated,S7,10,3,0.5031,30,10,0.1239,4.33411215,258.4443739,,,,,,,,,,,,,,,,,,,,
Agricultural nonrrigated,S7,20,1,0.5062,30,10,0.1295,4.661214953,276.2474291,274.8326196,5.890692546,,,,,,,,,,,,,,,,,,
Agricultural nonrrigated,S7,20,2,0.5054,30,10,0.1271,4.521028037,268.363358,,,,,,,,,,,,,,,,,,,,
Agricultural nonrrigated,S7,20,3,0.504,30,10,0.1302,4.702102804,279.8870717,,,,,,,,,,,,,,,,,,,,
Agricultural nonrrigated,S7,40,1,0.5022,30,10,0.1374,5.122663551,306.0133543,308.9847348,4.634716371,,,,,,,,,,,,,,,,,,
Agricultural nonrrigated,S7,40,2,0.5023,30,10,0.1398,5.262850467,314.3251324,,,,,,,,,,,,,,,,,,,,
Agricultural nonrrigated,S7,40,3,0.5075,30,10,0.1385,5.186915888,306.6157175,,,,,,,,,,,,,,,,,,,,
Agricultural nonrrigated,S7,60,1,0.501,30,10,0.1498,5.846962617,350.117522,349.924386,7.750994949,,,,,,,,,,,,,,,,,,
Agricultural nonrrigated,S7,60,2,0.5028,30,10,0.1523,5.992990654,357.577008,,,,,,,,,,,,,,,,,,,,
Agricultural nonrrigated,S7,60,3,0.5097,30,10,0.1492,5.811915888,342.0786279,,,,,,,,,,,,,,,,,,,,
Agricultural nonrrigated,S7,80,1,0.5027,30,10,0.1664,6.816588785,406.7986146,401.61041,7.631178102,,,,,,,,,,,,,,,,,,
Agricultural nonrrigated,S7,80,2,0.5094,30,10,0.1639,6.670560748,392.8481006,,,,,,,,,,,,,,,,,,,,
Agricultural nonrrigated,S7,80,3,0.506,30,10,0.1667,6.83411215,405.1845148,,,,,,,,,,,,,,,,,,,,
Agricultural nonrrigated,S7,100,1,0.5028,30,10,0.1781,7.5,447.4940334,437.4885887,8.67455434,,,,,,,,,,,,,,,,,,
Agricultural nonrrigated,S7,100,2,0.5064,30,10,0.1748,7.307242991,432.8935421,,,,,,,,,,,,,,,,,,,,
Agricultural nonrrigated,S7,100,3,0.5033,30,10,0.1738,7.248831776,432.0781905,,,,,,,,,,,,,,,,,,,,
,,,,,,,,,,,,,,,,,,,,,,,,,,,,,
,,,,,,,,,,,,,,,,,,,,,,,,,,,,,
,,,,,,,,,,,,,,,,,,,,,,,,,,,,,
FRACTION III - Sodium Hydroxide,,,,,,,,,,,,,,,,,,,,,,,,,,,,,
Treatment,Samples ID,,Repetition,Weight (g),Volume (mL),Dilution factor,Absorbance,P mg/L,P mg/kg,Mean,SD,,,,,,,,,,,,,,,,,,
,Blank1,,,,30,,0.0458,0.0448,,,,,,,,,,,,,,,,,,,,,
,Blank2,,,,,,0.0437,,,,,,,,,,,,,,,,,,,,,,
,Blank3,,,,,,0.045,,,,,,,,,,,,,,,,,,,,,,
,Blank4,,,,,,0.0447,,,,,,,,,,,,,,,,,,,,,,
Forest-TWW,S4,0.5,1,0.5023,30,10,0.1451,5.572429907,332.8148461,326.2295963,9.22709463,,,,,,,,,,,,,,,,,,
Forest-TWW,S4,0.5,2,0.5047,30,10,0.1448,5.554906542,330.1906009,,,,,,,,,,,,,,,,,,,,
Forest-TWW,S4,0.5,3,0.5068,30,10,0.141,5.332943925,315.6833421,,,,,,,,,,,,,,,,,,,,
Forest-TWW,S4,1,1,0.5024,30,10,0.1447,5.549065421,331.3534288,334.8679299,3.090613451,,,,,,,,,,,,,,,,,,
Forest-TWW,S4,1,2,0.5031,30,10,0.1465,5.654205607,337.1619325,,,,,,,,,,,,,,,,,,,,
Forest-TWW,S4,1,3,0.5021,30,10,0.146,5.625,336.0884286,,,,,,,,,,,,,,,,,,,,
Forest-TWW,S4,3,1,0.5043,30,10,0.1442,5.519859813,328.3676272,338.3543206,8.672649387,,,,,,,,,,,,,,,,,,
Forest-TWW,S4,3,2,0.5033,30,10,0.1485,5.771028037,343.9913394,,,,,,,,,,,,,,,,,,,,
Forest-TWW,S4,3,3,0.5011,30,10,0.1477,5.724299065,342.7039951,,,,,,,,,,,,,,,,,,,,
Forest-TWW,S4,5,1,0.5055,30,10,0.1492,5.811915888,344.9208242,341.4977549,6.984732799,,,,,,,,,,,,,,,,,,
Forest-TWW,S4,5,2,0.5008,30,10,0.145,5.566588785,333.4617882,,,,,,,,,,,,,,,,,,,,
Forest-TWW,S4,5,3,0.5068,30,10,0.1498,5.846962617,346.1106521,,,,,,,,,,,,,,,,,,,,
Forest-TWW,S4,10,1,0.5076,30,10,0.15102,5.918224299,349.7768498,346.2223599,3.524680804,,,,,,,,,,,,,,,,,,
Forest-TWW,S4,10,2,0.5072,30,10,0.1489,5.794392523,342.7282644,,,,,,,,,,,,,,,,,,,,
Forest-TWW,S4,10,3,0.5047,30,10,0.1494,5.823598131,346.1619654,,,,,,,,,,,,,,,,,,,,
Forest-TWW,S4,20,1,0.5072,30,10,0.1514,5.940420561,351.3655694,348.1149101,3.690023493,,,,,,,,,,,,,,,,,,
Forest-TWW,S4,20,2,0.5063,30,10,0.1505,5.887850467,348.8752005,,,,,,,,,,,,,,,,,,,,
Forest-TWW,S4,20,3,0.5067,30,10,0.1492,5.811915888,344.1039602,,,,,,,,,,,,,,,,,,,,
Forest-TWW,S4,40,1,0.5013,30,10,0.1493,5.817757009,348.160204,346.9368403,9.27702604,,,,,,,,,,,,,,,,,,
Forest-TWW,S4,40,2,0.5042,30,10,0.152,5.97546729,355.5414889,,,,,,,,,,,,,,,,,,,,
Forest-TWW,S4,40,3,0.5011,30,10,0.1461,5.630841121,337.1088279,,,,,,,,,,,,,,,,,,,,
Forest-TWW,S4,60,1,0.5089,30,10,0.1475,5.712616822,336.7626345,343.8746092,6.589152083,,,,,,,,,,,,,,,,,,
Forest-TWW,S4,60,2,0.5083,30,10,0.1498,5.846962617,345.089275,,,,,,,,,,,,,,,,,,,,
Forest-TWW,S4,60,3,0.504,30,10,0.1503,5.876168224,349.7719181,,,,,,,,,,,,,,,,,,,,
Forest-TWW,S4,80,1,0.51,30,10,0.154,6.09228972,358.3699835,356.1803629,2.538613291,,,,,,,,,,,,,,,,,,
Forest-TWW,S4,80,2,0.5113,30,10,0.1538,6.080607477,356.7733704,,,,,,,,,,,,,,,,,,,,
Forest-TWW,S4,80,3,0.5023,30,10,0.151,5.917056075,353.3977349,,,,,,,,,,,,,,,,,,,,
Forest-TWW,S4,100,1,0.5008,30,10,0.1518,5.963785047,357.255494,364.1194642,9.414446002,,,,,,,,,,,,,,,,,,
Forest-TWW,S4,100,2,0.5016,30,10,0.157,6.267523364,374.8518759,,,,,,,,,,,,,,,,,,,,
Forest-TWW,S4,100,3,0.5015,30,10,0.1528,6.022196262,360.2510226,,,,,,,,,,,,,,,,,,,,
Forest nonirrigated,S5,0.5,1,0.5023,30,8,0.0984,2.275700935,135.9168386,127.2627932,7.7030449,,,,,,,,,,,,,,,,,,
Forest nonirrigated,S5,0.5,2,0.5047,30,8,0.0946,2.098130841,124.7155245,,,,,,,,,,,,,,,,,,,,
Forest nonirrigated,S5,0.5,3,0.5068,30,8,0.0935,2.046728972,121.1560165,,,,,,,,,,,,,,,,,,,,
Forest nonirrigated,S5,1,1,0.5024,30,8,0.1014,2.41588785,144.2608191,137.0598097,8.371674295,,,,,,,,,,,,,,,,,,
Forest nonirrigated,S5,1,2,0.5031,30,8,0.0996,2.331775701,139.0444664,,,,,,,,,,,,,,,,,,,,
Forest nonirrigated,S5,1,3,0.5021,30,8,0.0955,2.140186916,127.8741436,,,,,,,,,,,,,,,,,,,,
Forest nonirrigated,S5,3,1,0.5003,30,8,0.1012,2.406542056,144.3059398,138.6692834,6.474043341,,,,,,,,,,,,,,,,,,
Forest nonirrigated,S5,3,2,0.5043,30,8,0.1001,2.355140187,140.1035209,,,,,,,,,,,,,,,,,,,,
Forest nonirrigated,S5,3,3,0.506,30,8,0.0972,2.219626168,131.5983894,,,,,,,,,,,,,,,,,,,,
Forest nonirrigated,S5,5,1,0.5082,30,8,0.1052,2.593457944,153.0966909,145.7107793,7.89864328,,,,,,,,,,,,,,,,,,
Forest nonirrigated,S5,5,2,0.5009,30,8,0.1021,2.448598131,146.6519144,,,,,,,,,,,,,,,,,,,,
Forest nonirrigated,S5,5,3,0.5051,30,8,0.0992,2.313084112,137.3837327,,,,,,,,,,,,,,,,,,,,
Forest nonirrigated,S5,10,1,0.5056,30,8,0.1092,2.780373832,164.9747131,159.5378628,7.827829108,,,,,,,,,,,,,,,,,,
Forest nonirrigated,S5,10,2,0.5065,30,8,0.1041,2.542056075,150.5660064,,,,,,,,,,,,,,,,,,,,
Forest nonirrigated,S5,10,3,0.5029,30,8,0.1082,2.73364486,163.0728689,,,,,,,,,,,,,,,,,,,,
Forest nonirrigated,S5,20,1,0.5029,30,5,0.1602,3.227219626,192.5165814,185.7247939,10.74840047,,,,,,,,,,,,,,,,,,
Forest nonirrigated,S5,20,2,0.507,30,5,0.15,2.92932243,173.3326882,,,,,,,,,,,,,,,,,,,,
Forest nonirrigated,S5,20,3,0.5042,30,5,0.1598,3.215537383,191.325112,,,,,,,,,,,,,,,,,,,,
Forest nonirrigated,S5,40,1,0.507,30,5,0.1757,3.679906542,217.7459492,223.562304,6.720872119,,,,,,,,,,,,,,,,,,
Forest nonirrigated,S5,40,2,0.5,30,5,0.1764,3.700350467,222.021028,,,,,,,,,,,,,,,,,,,,
Forest nonirrigated,S5,40,3,0.5016,30,5,0.1819,3.860981308,230.9199347,,,,,,,,,,,,,,,,,,,,
Forest nonirrigated,S5,60,1,0.5094,30,5,0.2006,4.407126168,259.5480664,256.8835061,7.853450918,,,,,,,,,,,,,,,,,,
Forest nonirrigated,S5,60,2,0.5066,30,5,0.2018,4.442172897,263.0580081,,,,,,,,,,,,,,,,,,,,
Forest nonirrigated,S5,60,3,0.503,30,5,0.1921,4.158878505,248.0444436,,,,,,,,,,,,,,,,,,,,
Forest nonirrigated,S5,80,1,0.5068,30,5,0.2154,4.839369159,286.4662091,288.6647095,4.990698843,,,,,,,,,,,,,,,,,,
Forest nonirrigated,S5,80,2,0.5033,30,5,0.2135,4.783878505,285.1507156,,,,,,,,,,,,,,,,,,,,
Forest nonirrigated,S5,80,3,0.5033,30,5,0.2188,4.938668224,294.3772039,,,,,,,,,,,,,,,,,,,,
Forest nonirrigated,S5,100,1,0.5022,30,5,0.2455,5.718457944,341.6044172,342.0163966,0.643777347,,,,,,,,,,,,,,,,,,
Forest nonirrigated,S5,100,2,0.5049,30,5,0.2466,5.750584112,341.6865188,,,,,,,,,,,,,,,,,,,,
Forest nonirrigated,S5,100,3,0.5069,30,5,0.248,5.791471963,342.7582539,,,,,,,,,,,,,,,,,,,,
Agricultural TWW,S6,0.5,1,0.5023,30,10,0.137,5.099299065,304.5569818,311.0293367,6.23528755,,,,,,,,,,,,,,,,,,
Agricultural TWW,S6,0.5,2,0.5047,30,10,0.141,5.332943925,316.996865,,,,,,,,,,,,,,,,,,,,
Agricultural TWW,S6,0.5,3,0.5068,30,10,0.1398,5.262850467,311.5341634,,,,,,,,,,,,,,,,,,,,
Agricultural TWW,S6,1,1,0.5024,30,10,0.1397,5.257009346,313.9137746,305.1153791,7.845294037,,,,,,,,,,,,,,,,,,
Agricultural TWW,S6,1,2,0.5031,30,10,0.1355,5.011682243,298.8480765,,,,,,,,,,,,,,,,,,,,
Agricultural TWW,S6,1,3,0.5021,30,10,0.1364,5.064252336,302.5842862,,,,,,,,,,,,,,,,,,,,
Agricultural TWW,S6,3,1,0.5023,30,10,0.1398,5.262850467,314.3251324,319.8544386,4.988373205,,,,,,,,,,,,,,,,,,
Agricultural TWW,S6,3,2,0.5057,30,10,0.1424,5.414719626,321.2212553,,,,,,,,,,,,,,,,,,,,
Agricultural TWW,S6,3,3,0.5035,30,10,0.1428,5.438084112,324.0169282,,,,,,,,,,,,,,,,,,,,
Agricultural TWW,S6,5,1,0.508,30,10,0.1431,5.455607477,322.1815439,328.8651389,5.838888908,,,,,,,,,,,,,,,,,,
Agricultural TWW,S6,5,2,0.5065,30,10,0.1455,5.595794393,331.4389571,,,,,,,,,,,,,,,,,,,,
Agricultural TWW,S6,5,3,0.5089,30,10,0.1464,5.648364486,332.9749157,,,,,,,,,,,,,,,,,,,,
Agricultural TWW,S6,10,1,0.5051,30,10,0.1478,5.730140187,340.3369741,333.4904543,10.54885265,,,,,,,,,,,,,,,,,,
Agricultural TWW,S6,10,2,0.5043,30,10,0.1472,5.695093458,338.7919963,,,,,,,,,,,,,,,,,,,,
Agricultural TWW,S6,10,3,0.5066,30,10,0.1426,5.426401869,321.3423926,,,,,,,,,,,,,,,,,,,,
Agricultural TWW,S6,20,1,0.5062,30,10,0.1464,5.648364486,334.7509573,335.6255348,7.516492914,,,,,,,,,,,,,,,,,,
Agricultural TWW,S6,20,2,0.506,30,10,0.1489,5.794392523,343.5410587,,,,,,,,,,,,,,,,,,,,
Agricultural TWW,S6,20,3,0.5093,30,10,0.1452,5.578271028,328.5845883,,,,,,,,,,,,,,,,,,,,
Agricultural TWW,S6,40,1,0.5078,30,10,0.1459,5.619158879,331.9707884,324.15391,6.785802439,,,,,,,,,,,,,,,,,,
Agricultural TWW,S6,40,2,0.5065,30,10,0.1424,5.414719626,320.7138969,,,,,,,,,,,,,,,,,,,,
Agricultural TWW,S6,40,3,0.5036,30,10,0.1416,5.367990654,319.7770445,,,,,,,,,,,,,,,,,,,,
Agricultural TWW,S6,60,1,0.5042,30,10,0.158,6.325934579,376.3943621,368.7292027,8.213566999,,,,,,,,,,,,,,,,,,
Agricultural TWW,S6,60,2,0.5057,30,10,0.1564,6.232476636,369.7336347,,,,,,,,,,,,,,,,,,,,
Agricultural TWW,S6,60,3,0.5042,30,10,0.1533,6.051401869,360.0596114,,,,,,,,,,,,,,,,,,,,
Agricultural TWW,S6,80,1,0.5092,30,10,0.1562,6.220794393,366.5039901,364.5988588,8.884056198,,,,,,,,,,,,,,,,,,
Agricultural TWW,S6,80,2,0.5087,30,10,0.1578,6.314252336,372.3758012,,,,,,,,,,,,,,,,,,,,
Agricultural TWW,S6,80,3,0.5041,30,10,0.1518,5.963785047,354.9167852,,,,,,,,,,,,,,,,,,,,
Agricultural TWW,S6,100,1,0.5075,30,10,0.1617,6.542056075,386.7225266,388.6428327,8.627304429,,,,,,,,,,,,,,,,,,
Agricultural TWW,S6,100,2,0.5085,30,10,0.1603,6.460280374,381.1374852,,,,,,,,,,,,,,,,,,,,
Agricultural TWW,S6,100,3,0.5036,30,10,0.1641,6.682242991,398.0684863,,,,,,,,,,,,,,,,,,,,
Agricultural nonrrigated,S7,0.5,1,0.5023,30,10,0.1482,5.753504673,343.6295843,350.1476767,6.270814428,,,,,,,,,,,,,,,,,,
Agricultural nonrrigated,S7,0.5,2,0.5047,30,10,0.1507,5.89953271,350.6756119,,,,,,,,,,,,,,,,,,,,
Agricultural nonrrigated,S7,0.5,3,0.5068,30,10,0.1527,6.01635514,356.1378339,,,,,,,,,,,,,,,,,,,,
Agricultural nonrrigated,S7,1,1,0.5024,30,10,0.1546,6.127336449,365.883944,367.4194943,8.490124594,,,,,,,,,,,,,,,,,,
Agricultural nonrrigated,S7,1,2,0.5031,30,10,0.153,6.033878505,359.8019383,,,,,,,,,,,,,,,,,,,,
Agricultural nonrrigated,S7,1,3,0.5021,30,10,0.1576,6.302570093,376.5726007,,,,,,,,,,,,,,,,,,,,
Agricultural nonrrigated,S7,3,1,0.5068,30,10,0.1606,6.477803738,383.45326,373.8575843,9.643702946,,,,,,,,,,,,,,,,,,
Agricultural nonrrigated,S7,3,2,0.5014,30,10,0.1567,6.25,373.9529318,,,,,,,,,,,,,,,,,,,,
Agricultural nonrrigated,S7,3,3,0.5091,30,10,0.1555,6.179906542,364.1665611,,,,,,,,,,,,,,,,,,,,
Agricultural nonrrigated,S7,5,1,0.5003,30,10,0.1629,6.612149533,396.4910773,400.0893787,3.154839176,,,,,,,,,,,,,,,,,,
Agricultural nonrrigated,S7,5,2,0.5051,30,10,0.1654,6.75817757,401.3964108,,,,,,,,,,,,,,,,,,,,
Agricultural nonrrigated,S7,5,3,0.5043,30,10,0.1655,6.764018692,402.3806479,,,,,,,,,,,,,,,,,,,,
Agricultural nonrrigated,S7,10,1,0.5082,30,15,0.1314,7.158294393,422.5675556,421.1002217,2.264841968,,,,,,,,,,,,,,,,,,
Agricultural nonrrigated,S7,10,2,0.5005,30,15,0.1301,7.044392523,422.2413101,,,,,,,,,,,,,,,,,,,,
Agricultural nonrrigated,S7,10,3,0.5031,30,15,0.1298,7.018107477,418.4917994,,,,,,,,,,,,,,,,,,,,
Agricultural nonrrigated,S7,20,1,0.5062,30,15,0.1373,7.675233645,454.8735862,447.7887858,6.150350589,,,,,,,,,,,,,,,,,,
Agricultural nonrrigated,S7,20,2,0.5054,30,15,0.1352,7.491238318,444.6718432,,,,,,,,,,,,,,,,,,,,
Agricultural nonrrigated,S7,20,3,0.504,30,15,0.1348,7.456191589,443.8209279,,,,,,,,,,,,,,,,,,,,
Agricultural nonrrigated,S7,40,1,0.5022,30,15,0.1435,8.218457944,490.9473085,493.2068791,5.751993423,,,,,,,,,,,,,,,,,,
Agricultural nonrrigated,S7,40,2,0.5023,30,15,0.1452,8.367406542,499.7455629,,,,,,,,,,,,,,,,,,,,
Agricultural nonrrigated,S7,40,3,0.5075,30,15,0.1441,8.271028037,488.9277658,,,,,,,,,,,,,,,,,,,,
Agricultural nonrrigated,S7,60,1,0.501,30,10,0.2057,9.112149533,545.6376966,552.2699493,7.283338539,,,,,,,,,,,,,,,,,,
Agricultural nonrrigated,S7,60,2,0.5028,30,10,0.2104,9.386682243,560.064573,,,,,,,,,,,,,,,,,,,,
Agricultural nonrrigated,S7,60,3,0.5097,30,10,0.21,9.363317757,551.1075784,,,,,,,,,,,,,,,,,,,,
Agricultural nonrrigated,S7,80,1,0.5027,30,10,0.2129,9.53271028,568.8906075,561.5858045,6.481535255,,,,,,,,,,,,,,,,,,
Agricultural nonrrigated,S7,80,2,0.5094,30,10,0.2123,9.497663551,559.3441432,,,,,,,,,,,,,,,,,,,,
Agricultural nonrrigated,S7,80,3,0.506,30,10,0.2104,9.386682243,556.5226626,,,,,,,,,,,,,,,,,,,,
Agricultural nonrrigated,S7,100,1,0.5028,30,10,0.222,10.06425234,600.4923828,599.6687495,3.952206214,,,,,,,,,,,,,,,,,,
Agricultural nonrrigated,S7,100,2,0.5064,30,10,0.224,10.18107477,603.1442397,,,,,,,,,,,,,,,,,,,,
Agricultural nonrrigated,S7,100,3,0.5033,30,10,0.2207,9.988317757,595.3696259,,,,,,,,,,,,,,,,,,,,
,,,,,,,,,,,,,,,,,,,,,,,,,,,,,
,,,,,,,,,,,,,,,,,,,,,,,,,,,,,
,,,,,,,,,,,,,,,,,,,,,,,,,,,,,
FRACTION IV - Hydrochloride acid,,,,,,,,,,,,,,,,,,,,,,,,,,,,,
Treatment,Samples ID,,Repetition,Weight (g),Volume (mL),Dilution factor,Absorbance,P mg/L,P mg/kg,Mean,SD,,,,,,,,,,,,,,,,,,
,Blank1,,,,,,0.0458,0.0448,,,,,,,,,,,,,,,,,,,,,
,Blank2,,,,,,0.0437,,,,,,,,,,,,,,,,,,,,,,
,Blank3,,,,,,0.045,,,,,,,,,,,,,,,,,,,,,,
,Blank4,,,,,,0.0447,,,,,,,,,,,,,,,,,,,,,,
Forest-TWW,S4,0.5,1,0.5023,30,4,0.1892,0.814836449,194.6652873,183.7055851,9.790564573,,,,,,,,,,,,,,,,,,
Forest-TWW,S4,0.5,2,0.5047,30,4,0.1763,0.739485981,175.8238909,,,,,,,,,,,,,,,,,,,,
Forest-TWW,S4,0.5,3,0.5068,30,4,0.1803,0.762850467,180.6275771,,,,,,,,,,,,,,,,,,,,
Forest-TWW,S4,1,1,0.5024,30,4,0.1812,0.768107477,183.4651616,177.4648519,5.539215338,,,,,,,,,,,,,,,,,,
Forest-TWW,S4,1,2,0.5031,30,4,0.1763,0.739485981,176.3830605,,,,,,,,,,,,,,,,,,,,
Forest-TWW,S4,1,3,0.5021,30,4,0.1733,0.721962617,172.5463334,,,,,,,,,,,,,,,,,,,,
Forest-TWW,S4,3,1,0.5043,30,4,0.1792,0.756425234,179.9941068,175.0004566,5.763112482,,,,,,,,,,,,,,,,,,
Forest-TWW,S4,3,2,0.5033,30,4,0.1763,0.739485981,176.3129699,,,,,,,,,,,,,,,,,,,,
Forest-TWW,S4,3,3,0.5011,30,4,0.1703,0.704439252,168.6942931,,,,,,,,,,,,,,,,,,,,
Forest-TWW,S4,5,1,0.5055,30,4,0.1852,0.791471963,187.8865193,192.4426765,4.223859384,,,,,,,,,,,,,,,,,,
Forest-TWW,S4,5,2,0.5008,30,4,0.1899,0.818925234,196.2280911,,,,,,,,,,,,,,,,,,,,
Forest-TWW,S4,5,3,0.5068,30,4,0.1894,0.816004673,193.213419,,,,,,,,,,,,,,,,,,,,
Forest-TWW,S4,10,1,0.5076,30,5,0.1615,0.653037383,192.9779501,197.8922624,6.340722404,,,,,,,,,,,,,,,,,,
Forest-TWW,S4,10,2,0.5072,30,5,0.1684,0.693341121,205.0496219,,,,,,,,,,,,,,,,,,,,
Forest-TWW,S4,10,3,0.5047,30,5,0.1624,0.658294393,195.6492151,,,,,,,,,,,,,,,,,,,,
Forest-TWW,S4,20,1,0.5072,30,5,0.1416,0.536799065,158.7536668,155.2079687,6.889066752,,,,,,,,,,,,,,,,,,
Forest-TWW,S4,20,2,0.5063,30,5,0.1348,0.497079439,147.2682518,,,,,,,,,,,,,,,,,,,,
Forest-TWW,S4,20,3,0.5067,30,5,0.142,0.539135514,159.6019876,,,,,,,,,,,,,,,,,,,,
Forest-TWW,S4,40,1,0.5013,30,5,0.1366,0.507593458,151.8831412,142.0709429,10.12416137,,,,,,,,,,,,,,,,,,
Forest-TWW,S4,40,2,0.5042,30,5,0.1318,0.479556075,142.6684078,,,,,,,,,,,,,,,,,,,,
Forest-TWW,S4,40,3,0.5011,30,5,0.125,0.439836449,131.6612798,,,,,,,,,,,,,,,,,,,,
Forest-TWW,S4,60,1,0.5089,30,6,0.1451,0.557242991,197.0991124,194.2707814,4.567016026,,,,,,,,,,,,,,,,,,
Forest-TWW,S4,60,2,0.5083,30,6,0.1448,0.555490654,196.7112291,,,,,,,,,,,,,,,,,,,,
Forest-TWW,S4,60,3,0.504,30,6,0.1403,0.529205607,189.0020027,,,,,,,,,,,,,,,,,,,,
Forest-TWW,S4,80,1,0.51,30,6,0.133,0.486565421,171.728972,182.6229257,9.481532125,,,,,,,,,,,,,,,,,,
Forest-TWW,S4,80,2,0.5113,30,6,0.1407,0.531542056,187.1260905,,,,,,,,,,,,,,,,,,,,
Forest-TWW,S4,80,3,0.5023,30,6,0.14,0.527453271,189.0137145,,,,,,,,,,,,,,,,,,,,
Forest-TWW,S4,100,1,0.5008,30,6,0.1354,0.500584112,179.9224045,179.0445914,4.898654123,,,,,,,,,,,,,,,,,,
Forest-TWW,S4,100,2,0.5016,30,6,0.1326,0.484228972,173.7663775,,,,,,,,,,,,,,,,,,,,
Forest-TWW,S4,100,3,0.5015,30,6,0.1372,0.511098131,183.4449921,,,,,,,,,,,,,,,,,,,,
Forest nonirrigated,S5,0.5,1,0.5023,30,4,0.1021,0.306074766,73.12158464,78.83552392,6.312253575,,,,,,,,,,,,,,,,,,
Forest nonirrigated,S5,0.5,2,0.5047,30,4,0.1057,0.327102804,77.77360105,,,,,,,,,,,,,,,,,,,,
Forest nonirrigated,S5,0.5,3,0.5068,30,4,0.1116,0.361565421,85.61138608,,,,,,,,,,,,,,,,,,,,
Forest nonirrigated,S5,1,1,0.5024,30,4,0.1047,0.321261682,76.73447824,83.2648558,8.231086176,,,,,,,,,,,,,,,,,,
Forest nonirrigated,S5,1,2,0.5031,30,4,0.1161,0.387850467,92.51054676,,,,,,,,,,,,,,,,,,,,
Forest nonirrigated,S5,1,3,0.5021,30,4,0.1074,0.33703271,80.54954239,,,,,,,,,,,,,,,,,,,,
Forest nonirrigated,S5,3,1,0.5003,30,4,0.1269,0.450934579,108.1594034,90.81213028,15.45041605,,,,,,,,,,,,,,,,,,
Forest nonirrigated,S5,3,2,0.5043,30,4,0.1062,0.330023364,78.53024735,,,,,,,,,,,,,,,,,,,,
Forest nonirrigated,S5,3,3,0.506,30,4,0.1116,0.361565421,85.74674005,,,,,,,,,,,,,,,,,,,,
Forest nonirrigated,S5,5,1,0.5082,30,4,0.1047,0.321261682,75.85872072,82.9489025,8.885732768,,,,,,,,,,,,,,,,,,
Forest nonirrigated,S5,5,2,0.5009,30,4,0.1161,0.387850467,92.9168618,,,,,,,,,,,,,,,,,,,,
Forest nonirrigated,S5,5,3,0.5051,30,4,0.1074,0.33703271,80.07112499,,,,,,,,,,,,,,,,,,,,
Forest nonirrigated,S5,10,1,0.5056,30,5,0.1082,0.341705607,101.376268,101.2760824,4.528294169,,,,,,,,,,,,,,,,,,
Forest nonirrigated,S5,10,2,0.5065,30,5,0.1056,0.326518692,96.69852663,,,,,,,,,,,,,,,,,,,,
Forest nonirrigated,S5,10,3,0.5029,30,5,0.1104,0.354556075,105.7534524,,,,,,,,,,,,,,,,,,,,
Forest nonirrigated,S5,20,1,0.5029,30,5,0.0879,0.223130841,66.55324352,70.08206594,6.737243836,,,,,,,,,,,,,,,,,,
Forest nonirrigated,S5,20,2,0.507,30,5,0.0878,0.222546729,65.84222751,,,,,,,,,,,,,,,,,,,,
Forest nonirrigated,S5,20,3,0.5042,30,5,0.0945,0.261682243,77.85072679,,,,,,,,,,,,,,,,,,,,
Forest nonirrigated,S5,40,1,0.507,30,5,0.0947,0.262850467,77.76641044,76.9400943,9.614352879,,,,,,,,,,,,,,,,,,
Forest nonirrigated,S5,40,2,0.5,30,5,0.0879,0.223130841,66.93925234,,,,,,,,,,,,,,,,,,,,
Forest nonirrigated,S5,40,3,0.5016,30,5,0.099,0.28796729,86.11462013,,,,,,,,,,,,,,,,,,,,
Forest nonirrigated,S5,60,1,0.5094,30,6,0.0923,0.248831776,87.92642251,97.4093508,8.76835313,,,,,,,,,,,,,,,,,,
Forest nonirrigated,S5,60,2,0.5066,30,6,0.1004,0.29614486,105.2232032,,,,,,,,,,,,,,,,,,,,
Forest nonirrigated,S5,60,3,0.503,30,6,0.0971,0.276869159,99.07842664,,,,,,,,,,,,,,,,,,,,
Forest nonirrigated,S5,80,1,0.5068,30,6,0.0963,0.272196262,96.67586248,94.47797118,2.826134006,,,,,,,,,,,,,,,,,,
Forest nonirrigated,S5,80,2,0.5033,30,6,0.0934,0.255257009,91.2900093,,,,,,,,,,,,,,,,,,,,
Forest nonirrigated,S5,80,3,0.5033,30,6,0.0954,0.266939252,95.46804177,,,,,,,,,,,,,,,,,,,,
Forest nonirrigated,S5,100,1,0.5022,30,6,0.094,0.258761682,92.74612267,97.69578313,4.466976416,,,,,,,,,,,,,,,,,,
Forest nonirrigated,S5,100,2,0.5049,30,6,0.0972,0.277453271,98.91382211,,,,,,,,,,,,,,,,,,,,
Forest nonirrigated,S5,100,3,0.5069,30,6,0.0986,0.285630841,101.4274046,,,,,,,,,,,,,,,,,,,,
Agricultural TWW,S6,0.5,1,0.5023,30,6,0.1481,0.574766355,205.9684331,202.1155402,5.331245127,,,,,,,,,,,,,,,,,,
Agricultural TWW,S6,0.5,2,0.5047,30,6,0.1438,0.549649533,196.0311391,,,,,,,,,,,,,,,,,,,,
Agricultural TWW,S6,0.5,3,0.5068,30,6,0.1482,0.575350467,204.3470484,,,,,,,,,,,,,,,,,,,,
Agricultural TWW,S6,1,1,0.5024,30,6,0.1462,0.563668224,201.951195,194.5763527,6.426462963,,,,,,,,,,,,,,,,,,
Agricultural TWW,S6,1,2,0.5031,30,6,0.1407,0.531542056,190.1760487,,,,,,,,,,,,,,,,,,,,
Agricultural TWW,S6,1,3,0.5021,30,6,0.1412,0.534462617,191.6018144,,,,,,,,,,,,,,,,,,,,
Agricultural TWW,S6,3,1,0.5023,30,6,0.1426,0.542640187,194.4559698,181.8416787,12.16282402,,,,,,,,,,,,,,,,,,
Agricultural TWW,S6,3,2,0.5057,30,6,0.1367,0.50817757,180.8818719,,,,,,,,,,,,,,,,,,,,
Agricultural TWW,S6,3,3,0.5035,30,6,0.1312,0.476051402,170.1871943,,,,,,,,,,,,,,,,,,,,
Agricultural TWW,S6,5,1,0.508,30,6,0.1286,0.460864486,163.2984399,160.1040831,9.461461983,,,,,,,,,,,,,,,,,,
Agricultural TWW,S6,5,2,0.5065,30,6,0.1217,0.420560748,149.4589034,,,,,,,,,,,,,,,,,,,,
Agricultural TWW,S6,5,3,0.5089,30,6,0.1308,0.473714953,167.5549059,,,,,,,,,,,,,,,,,,,,
Agricultural TWW,S6,10,1,0.5051,30,6,0.1215,0.419392523,149.4568486,145.696258,11.48109855,,,,,,,,,,,,,,,,,,
Agricultural TWW,S6,10,2,0.5043,30,6,0.1134,0.372079439,132.8064626,,,,,,,,,,,,,,,,,,,,
Agricultural TWW,S6,10,3,0.5066,30,6,0.1243,0.435747664,154.8254628,,,,,,,,,,,,,,,,,,,,
Agricultural TWW,S6,20,1,0.5062,30,6,0.1258,0.444509346,158.0633786,162.699956,9.179804522,,,,,,,,,,,,,,,,,,
Agricultural TWW,S6,20,2,0.506,30,6,0.1345,0.495327103,176.2033172,,,,,,,,,,,,,,,,,,,,
Agricultural TWW,S6,20,3,0.5093,30,6,0.1253,0.441588785,156.0690778,,,,,,,,,,,,,,,,,,,,
Agricultural TWW,S6,40,1,0.5078,30,6,0.1272,0.452686916,160.4640505,149.252178,9.78927411,,,,,,,,,,,,,,,,,,
Agricultural TWW,S6,40,2,0.5065,30,6,0.1183,0.400700935,142.4011219,,,,,,,,,,,,,,,,,,,,
Agricultural TWW,S6,40,3,0.5036,30,6,0.1191,0.405373832,144.8913616,,,,,,,,,,,,,,,,,,,,
Agricultural TWW,S6,60,1,0.5042,30,12,0.0866,0.215537383,153.8942046,152.0680421,8.257119777,,,,,,,,,,,,,,,,,,
Agricultural TWW,S6,60,2,0.5057,30,12,0.088,0.223714953,159.2592113,,,,,,,,,,,,,,,,,,,,
Agricultural TWW,S6,60,3,0.5042,30,12,0.084,0.200350467,143.0507105,,,,,,,,,,,,,,,,,,,,
Agricultural TWW,S6,80,1,0.5092,30,12,0.0938,0.257593458,182.1163489,188.7251778,7.42730394,,,,,,,,,,,,,,,,,,
Agricultural TWW,S6,80,2,0.5087,30,12,0.0973,0.278037383,196.7632356,,,,,,,,,,,,,,,,,,,,
Agricultural TWW,S6,80,3,0.5041,30,12,0.0946,0.262266355,187.2959489,,,,,,,,,,,,,,,,,,,,
Agricultural TWW,S6,100,1,0.5075,30,12,0.0931,0.253504673,179.8259749,195.2871109,14.74588202,,,,,,,,,,,,,,,,,,
Agricultural TWW,S6,100,2,0.5085,30,12,0.0973,0.278037383,196.8406253,,,,,,,,,,,,,,,,,,,,
Agricultural TWW,S6,100,3,0.5036,30,12,0.0998,0.292640187,209.1947325,,,,,,,,,,,,,,,,,,,,
Agricultural nonrrigated,S7,0.5,1,0.5068,30,12,0.0743,0.143691589,102.0697947,109.3444206,6.564423279,,,,,,,,,,,,,,,,,,
Agricultural nonrrigated,S7,0.5,2,0.5014,30,12,0.0762,0.15478972,111.1374134,,,,,,,,,,,,,,,,,,,,
Agricultural nonrrigated,S7,0.5,3,0.5091,30,12,0.0775,0.162383178,114.8260537,,,,,,,,,,,,,,,,,,,,
Agricultural nonrrigated,S7,1,1,0.5003,30,12,0.0718,0.129088785,92.88819232,92.90542864,2.990186328,,,,,,,,,,,,,,,,,,
Agricultural nonrrigated,S7,1,2,0.5051,30,12,0.0713,0.126168224,89.92389774,,,,,,,,,,,,,,,,,,,,
Agricultural nonrrigated,S7,1,3,0.5043,30,12,0.0727,0.134345794,95.90419588,,,,,,,,,,,,,,,,,,,,
Agricultural nonrrigated,S7,3,1,0.5068,30,12,0.0751,0.148364486,105.3891376,113.5432839,9.330654393,,,,,,,,,,,,,,,,,,
Agricultural nonrrigated,S7,3,2,0.5014,30,12,0.0792,0.172313084,123.7190073,,,,,,,,,,,,,,,,,,,,
Agricultural nonrrigated,S7,3,3,0.5091,30,12,0.0767,0.15771028,111.5217068,,,,,,,,,,,,,,,,,,,,
Agricultural nonrrigated,S7,5,1,0.5003,30,12,0.0744,0.144275701,103.8162149,112.9319393,9.295009016,,,,,,,,,,,,,,,,,,
Agricultural nonrrigated,S7,5,2,0.5051,30,12,0.0791,0.171728972,122.3964164,,,,,,,,,,,,,,,,,,,,
Agricultural nonrrigated,S7,5,3,0.5043,30,12,0.0767,0.15771028,112.5831865,,,,,,,,,,,,,,,,,,,,
Agricultural nonrrigated,S7,10,1,0.5082,30,12,0.0738,0.140771028,99.71973651,104.6142381,4.894115039,,,,,,,,,,,,,,,,,,
Agricultural nonrrigated,S7,10,2,0.5005,30,12,0.0746,0.145443925,104.6150112,,,,,,,,,,,,,,,,,,,,
Agricultural nonrrigated,S7,10,3,0.5031,30,12,0.0759,0.153037383,109.5079665,,,,,,,,,,,,,,,,,,,,
Agricultural nonrrigated,S7,20,1,0.5062,30,12,0.0739,0.14135514,100.5291396,105.2714713,11.19639883,,,,,,,,,,,,,,,,,,
Agricultural nonrrigated,S7,20,2,0.5054,30,12,0.0755,0.150700935,107.3453432,,,,,,,,,,,,,,,,,,,,
Agricultural nonrrigated,S7,20,3,0.504,30,12,0.0721,0.130841121,93.45794393,,,,,,,,,,,,,,,,,,,,
Agricultural nonrrigated,S7,40,1,0.5022,30,12,0.0783,0.167056075,119.7534586,116.9792478,4.427409612,,,,,,,,,,,,,,,,,,
Agricultural nonrrigated,S7,40,2,0.5023,30,12,0.0782,0.166471963,119.3109826,,,,,,,,,,,,,,,,,,,,
Agricultural nonrrigated,S7,40,3,0.5075,30,12,0.0767,0.15771028,111.8733023,,,,,,,,,,,,,,,,,,,,
Agricultural nonrrigated,S7,60,1,0.501,30,12,0.0726,0.133761682,96.11617886,94.0511187,3.948065349,,,,,,,,,,,,,,,,,,
Agricultural nonrrigated,S7,60,2,0.5028,30,12,0.0711,0.125,89.49880668,,,,,,,,,,,,,,,,,,,,
Agricultural nonrrigated,S7,60,3,0.5097,30,12,0.0731,0.136682243,96.53837056,,,,,,,,,,,,,,,,,,,,
Agricultural nonrrigated,S7,80,1,0.5027,30,12,0.06806,0.107242991,76.80023202,70.46432408,6.016073041,,,,,,,,,,,,,,,,,,
Agricultural nonrrigated,S7,80,2,0.5094,30,12,0.0666,0.098714953,69.76321786,,,,,,,,,,,,,,,,,,,,
Agricultural nonrrigated,S7,80,3,0.506,30,12,0.0653,0.091121495,64.82952237,,,,,,,,,,,,,,,,,,,,
Agricultural nonrrigated,S7,100,1,0.5028,30,12,0.0742,0.143107477,102.4635871,103.3146345,8.680261601,,,,,,,,,,,,,,,,,,
Agricultural nonrrigated,S7,100,2,0.5064,30,12,0.0726,0.133761682,95.0912433,,,,,,,,,,,,,,,,,,,,
Agricultural nonrrigated,S7,100,3,0.5033,30,12,0.0766,0.157126168,112.3890732,,,,,,,,,,,,,,,,,,,,
